[
{
    "model": "sites.site",
    "pk": 1,
    "fields": {
        "domain": "example.com",
        "name": "example.com"
    }
},
{
    "model": "users.user",
    "pk": 1,
    "fields": {
        "password": "pbkdf2_sha256$260000$xa3hMsbI5eMPX6t3Okaxci$K9sEUdC4YRWkMMdQLiBds2LGUyMx5AI/R2jPl6j1bQo=",
        "last_login": "2021-11-22T10:09:23.023Z",
        "is_superuser": true,
        "username": "admin",
        "first_name": "",
        "last_name": "",
        "email": "chris@5star-english.jp",
        "is_staff": true,
        "is_active": true,
        "date_joined": "2021-11-22T10:05:23.830Z",
        "groups": [],
        "user_permissions": []
    }
},
{
    "model": "ecats_api.level",
    "pk": 1,
    "fields": {
        "created": "2021-11-03T12:24:28.275Z",
        "modified": "2021-11-03T12:24:28.275Z",
        "name": "1",
        "description": ""
    }
},
{
    "model": "ecats_api.level",
    "pk": 2,
    "fields": {
        "created": "2021-11-03T12:24:30.023Z",
        "modified": "2021-11-03T12:24:30.023Z",
        "name": "2",
        "description": ""
    }
},
{
    "model": "ecats_api.level",
    "pk": 3,
    "fields": {
        "created": "2021-11-03T12:24:31.559Z",
        "modified": "2021-11-03T12:24:31.559Z",
        "name": "3",
        "description": ""
    }
},
{
    "model": "ecats_api.level",
    "pk": 4,
    "fields": {
        "created": "2021-11-03T12:24:32.967Z",
        "modified": "2021-11-03T12:24:32.967Z",
        "name": "4",
        "description": ""
    }
},
{
    "model": "ecats_api.level",
    "pk": 5,
    "fields": {
        "created": "2021-11-03T12:24:34.745Z",
        "modified": "2021-11-03T12:24:34.745Z",
        "name": "5",
        "description": ""
    }
},
{
    "model": "ecats_api.category",
    "pk": 1,
    "fields": {
        "created": "2021-11-03T12:24:49.894Z",
        "modified": "2021-11-03T12:24:49.894Z",
        "name": "Adjectives",
        "description": ""
    }
},
{
    "model": "ecats_api.category",
    "pk": 2,
    "fields": {
        "created": "2021-11-03T12:24:54.859Z",
        "modified": "2021-11-03T12:24:54.859Z",
        "name": "Adverbs",
        "description": ""
    }
},
{
    "model": "ecats_api.category",
    "pk": 3,
    "fields": {
        "created": "2021-11-03T12:25:00.748Z",
        "modified": "2021-11-03T12:25:00.748Z",
        "name": "Clauses",
        "description": ""
    }
},
{
    "model": "ecats_api.subcategory",
    "pk": 1,
    "fields": {
        "created": "2021-11-03T12:25:10.202Z",
        "modified": "2021-11-03T12:25:10.202Z",
        "name": "combining",
        "description": ""
    }
},
{
    "model": "ecats_api.subcategory",
    "pk": 2,
    "fields": {
        "created": "2021-11-03T12:25:16.046Z",
        "modified": "2021-11-03T12:25:16.046Z",
        "name": "modifying",
        "description": ""
    }
},
{
    "model": "ecats_api.subcategory",
    "pk": 3,
    "fields": {
        "created": "2021-11-03T12:25:19.291Z",
        "modified": "2021-11-03T12:25:19.291Z",
        "name": "position",
        "description": ""
    }
},
{
    "model": "ecats_api.subcategory",
    "pk": 4,
    "fields": {
        "created": "2021-11-06T07:08:24.163Z",
        "modified": "2021-11-06T07:08:33.587Z",
        "name": "conditional",
        "description": ""
    }
},
{
    "model": "ecats_api.target",
    "pk": 1,
    "fields": {
        "created": "2021-11-03T12:25:50.927Z",
        "modified": "2021-11-03T12:25:50.927Z",
        "level": 1,
        "category": 1,
        "subcategory": 1,
        "can_do_statement_en": "Can use 'and' to join a limited range of common adjectives.",
        "can_do_statement_ja": "Can use 'and' to join a limited range of common adjectives.",
        "examples": "The teachers are very nice and friendly . (A1 BREAKTHROUGH; 2007; Polish; Pass)  I like my house because it is big and comfortable . (A1 BREAKTHROUGH; 2007; Polish; Pass)  You can buy Turkish and English products as well. (A1 BREAKTHROUGH; Polish)"
    }
},
{
    "model": "ecats_api.target",
    "pk": 2,
    "fields": {
        "created": "2021-11-03T12:26:14.434Z",
        "modified": "2021-11-03T12:26:14.434Z",
        "level": 1,
        "category": 1,
        "subcategory": 2,
        "can_do_statement_en": "Can use 'very' with a limited range of common gradable adjectives.",
        "can_do_statement_ja": "Can use 'very' with a limited range of common gradable adjectives.",
        "examples": "I like Croydon because it's very quiet and very nice. (A1 BREAKTHROUGH; Farsi)  My neighbours are very friendly. (A1; Slovak)"
    }
},
{
    "model": "ecats_api.target",
    "pk": 3,
    "fields": {
        "created": "2021-11-03T12:26:40.479Z",
        "modified": "2021-11-03T12:26:40.479Z",
        "level": 2,
        "category": 1,
        "subcategory": 1,
        "can_do_statement_en": "Can use 'but' to join a limited range of common adjectives, after 'be'.",
        "can_do_statement_ja": "Can use 'but' to join a limited range of common adjectives, after 'be'.",
        "examples": "The weather was cloudy but fine. (A2 WAYSTAGE; 2009; Spanish - Latin American; Pass)  It was cheap but beautiful. (Malaysia; A2 WAYSTAGE; 2008; Chinese; Pass)"
    }
},
{
    "model": "ecats_api.target",
    "pk": 4,
    "fields": {
        "created": "2021-11-06T07:09:24.493Z",
        "modified": "2021-11-06T07:09:24.494Z",
        "level": 3,
        "category": 3,
        "subcategory": 4,
        "can_do_statement_en": "Can use 'if' + present continuous or 'going to' to introduce a possible plan, with modal verbs or imperatives in the main clause to give advice.",
        "can_do_statement_ja": "Can use 'if' + present continuous or 'going to' to introduce a possible plan, with modal verbs or imperatives in the main clause to give advice.",
        "examples": "Billy, if you are moving you should think a lot, first you have to go and see the two schools. (Argentina; B1 THRESHOLD; 2008; Spanish - Latin American; Pass)  However, if you are looking for fun and excitement, I would go for the city. (Argentina; B1 THRESHOLD; 2004; Spanish - Latin American; Pass)  But if you are going to live in a town you should choose the large school. (Croatia; B1 THRESHOLD; 2008; German; Pass)  In addition, if you are going to travel, please choose your partner very carefully. (Korea, South; B1 THRESHOLD; 1999; Korean; Pass)"
    }
},
{
    "model": "ecats_api.questiontype",
    "pk": 1,
    "fields": {
        "created": "2021-11-03T12:30:05.703Z",
        "modified": "2021-11-22T10:18:06.151Z",
        "name": "Completion 1",
        "instruction_text_en": "Choose the correct answer to complete the text.",
        "instruction_text_ja": "正しい答えを選んで文を完成させなさい。"
    }
},
{
    "model": "ecats_api.questiontype",
    "pk": 2,
    "fields": {
        "created": "2021-11-03T12:30:17.280Z",
        "modified": "2021-11-22T10:18:00.103Z",
        "name": "Completion 2",
        "instruction_text_en": "Choose the correct sentence for the text to complete.",
        "instruction_text_ja": "正しい語句を選んで文を完成させなさい。"
    }
},
{
    "model": "ecats_api.questiontype",
    "pk": 3,
    "fields": {
        "created": "2021-11-03T12:30:45.839Z",
        "modified": "2021-11-22T10:17:54.488Z",
        "name": "Completion 3",
        "instruction_text_en": "Choose the answer that cannot complete the text.",
        "instruction_text_ja": "文を完成するのに<u>適切ではない</u>答えを選びなさい。"
    }
},
{
    "model": "ecats_api.questiontype",
    "pk": 4,
    "fields": {
        "created": "2021-11-03T12:30:55.172Z",
        "modified": "2021-11-22T10:11:56.473Z",
        "name": "Position",
        "instruction_text_en": "Choose the correct position for the text in parentheses.",
        "instruction_text_ja": "(　) 内の語句の正しい位置を選びなさい。"
    }
},
{
    "model": "ecats_api.question",
    "pk": 1,
    "fields": {
        "created": "2021-11-03T12:35:58.200Z",
        "modified": "2021-11-03T12:35:58.200Z",
        "target": 1,
        "question_type": 1,
        "question_text": "The weather was cold ___ windy."
    }
},
{
    "model": "ecats_api.question",
    "pk": 2,
    "fields": {
        "created": "2021-11-03T12:37:01.616Z",
        "modified": "2021-11-03T12:37:01.616Z",
        "target": 2,
        "question_type": 2,
        "question_text": "very"
    }
},
{
    "model": "ecats_api.question",
    "pk": 3,
    "fields": {
        "created": "2021-11-03T12:37:44.121Z",
        "modified": "2021-11-03T12:37:44.121Z",
        "target": 3,
        "question_type": 4,
        "question_text": "The movie ① was ② good ③ long ④. (but)"
    }
},
{
    "model": "ecats_api.question",
    "pk": 4,
    "fields": {
        "created": "2021-11-06T07:10:49.765Z",
        "modified": "2021-11-06T07:10:49.765Z",
        "target": 4,
        "question_type": 3,
        "question_text": "If you're going to the beach, __."
    }
},
{
    "model": "ecats_api.answer",
    "pk": 1,
    "fields": {
        "created": "2021-11-03T12:35:58.201Z",
        "modified": "2021-11-03T12:35:58.201Z",
        "question": 1,
        "answer_text": "the",
        "is_correct": false
    }
},
{
    "model": "ecats_api.answer",
    "pk": 2,
    "fields": {
        "created": "2021-11-03T12:35:58.202Z",
        "modified": "2021-11-03T12:35:58.202Z",
        "question": 1,
        "answer_text": "and",
        "is_correct": true
    }
},
{
    "model": "ecats_api.answer",
    "pk": 3,
    "fields": {
        "created": "2021-11-03T12:35:58.202Z",
        "modified": "2021-11-03T12:35:58.202Z",
        "question": 1,
        "answer_text": "same",
        "is_correct": false
    }
},
{
    "model": "ecats_api.answer",
    "pk": 4,
    "fields": {
        "created": "2021-11-03T12:35:58.202Z",
        "modified": "2021-11-03T12:35:58.202Z",
        "question": 1,
        "answer_text": "our",
        "is_correct": false
    }
},
{
    "model": "ecats_api.answer",
    "pk": 5,
    "fields": {
        "created": "2021-11-03T12:37:01.618Z",
        "modified": "2021-11-03T12:37:01.618Z",
        "question": 2,
        "answer_text": "The curry is ___ hot.",
        "is_correct": true
    }
},
{
    "model": "ecats_api.answer",
    "pk": 6,
    "fields": {
        "created": "2021-11-03T12:37:01.618Z",
        "modified": "2021-11-03T12:37:01.618Z",
        "question": 2,
        "answer_text": "There is ___ lot of ice cream.",
        "is_correct": false
    }
},
{
    "model": "ecats_api.answer",
    "pk": 7,
    "fields": {
        "created": "2021-11-03T12:37:01.618Z",
        "modified": "2021-11-03T12:37:01.618Z",
        "question": 2,
        "answer_text": "This has ___ sauce on it.",
        "is_correct": false
    }
},
{
    "model": "ecats_api.answer",
    "pk": 8,
    "fields": {
        "created": "2021-11-03T12:37:01.619Z",
        "modified": "2021-11-03T12:37:01.619Z",
        "question": 2,
        "answer_text": "I like pizza ___ pasta.",
        "is_correct": false
    }
},
{
    "model": "ecats_api.answer",
    "pk": 9,
    "fields": {
        "created": "2021-11-03T12:37:44.123Z",
        "modified": "2021-11-03T12:37:44.123Z",
        "question": 3,
        "answer_text": "①",
        "is_correct": false
    }
},
{
    "model": "ecats_api.answer",
    "pk": 10,
    "fields": {
        "created": "2021-11-03T12:37:44.123Z",
        "modified": "2021-11-03T12:37:44.123Z",
        "question": 3,
        "answer_text": "②",
        "is_correct": false
    }
},
{
    "model": "ecats_api.answer",
    "pk": 11,
    "fields": {
        "created": "2021-11-03T12:37:44.124Z",
        "modified": "2021-11-03T12:37:44.124Z",
        "question": 3,
        "answer_text": "③",
        "is_correct": true
    }
},
{
    "model": "ecats_api.answer",
    "pk": 12,
    "fields": {
        "created": "2021-11-03T12:37:44.124Z",
        "modified": "2021-11-03T12:37:44.124Z",
        "question": 3,
        "answer_text": "④",
        "is_correct": false
    }
},
{
    "model": "ecats_api.answer",
    "pk": 13,
    "fields": {
        "created": "2021-11-06T07:10:49.766Z",
        "modified": "2021-11-06T07:10:49.766Z",
        "question": 4,
        "answer_text": "wear a hat",
        "is_correct": false
    }
},
{
    "model": "ecats_api.answer",
    "pk": 14,
    "fields": {
        "created": "2021-11-06T07:10:49.766Z",
        "modified": "2021-11-06T07:10:49.766Z",
        "question": 4,
        "answer_text": "you should drink water",
        "is_correct": false
    }
},
{
    "model": "ecats_api.answer",
    "pk": 15,
    "fields": {
        "created": "2021-11-06T07:10:49.767Z",
        "modified": "2021-11-06T07:10:49.767Z",
        "question": 4,
        "answer_text": "packing a snack",
        "is_correct": true
    }
},
{
    "model": "ecats_api.answer",
    "pk": 16,
    "fields": {
        "created": "2021-11-06T07:10:49.767Z",
        "modified": "2021-11-06T07:10:49.767Z",
        "question": 4,
        "answer_text": "you could bring a towel",
        "is_correct": false
    }
}
]
